
{
    "subrealms": {
        "rules": [
            {
                "p": "a.*",
                "o": {
                    "5120c2529c35bacd75346eb3115ca1270325ba2bab5d473b7c8a1eab54b21deea86e": {
                        "v": 1000,
                        "id": "1112003789d572f764ff91b273266997e3a5153e017dc8a4fca020eaff824301i0"
                    }
                }
            },
            {
                "p": "b.*",
                "o": {
                    "5120c2529c35bacd75346eb3115ca1270325ba2bab5d473b7c8b1eab54b21deea861": {
                        "v": 546
                    },
                    "5120c2529c35bacd75346eb3115ca1270325ba2bab5d473b7c8a1eab54b21deea86e": {
                        "v": 1001,
                        "id": "1112003789d572f764ff91b273266997e3a5153e017dc8a4fca020eaff824301i0"
                    }
                }
            }
        ]
    }
}
